TrackID,Name,Artist,Album,Genre,Location,AverageBpm,Key
89715780,spotify-track-0aajyFzQIIfoFsFoj6TWD7,,,,file://localhost/Users/hordia/dev/9216-TIMMD/music/sample_audio/Angeles Azules/spotify-track-0aajyFzQIIfoFsFoj6TWD7.mp3,179.71,
149323204,spotify-track-0AwrfRNYTN048ORjxKYL6t,,,,file://localhost/Users/hordia/dev/9216-TIMMD/music/sample_audio/Angeles Azules/spotify-track-0AwrfRNYTN048ORjxKYL6t.mp3,100.19,
44102426,spotify-track-0BJCZ0iySlhg0KYSDwXjHc,,,,file://localhost/Users/hordia/dev/9216-TIMMD/music/sample_audio/Angeles Azules/spotify-track-0BJCZ0iySlhg0KYSDwXjHc.mp3,167.93,
268290375,spotify-track-0e3fQp0Nb8Z5wjhI3mb2V8,,,,file://localhost/Users/hordia/dev/9216-TIMMD/music/sample_audio/Angeles Azules/spotify-track-0e3fQp0Nb8Z5wjhI3mb2V8.mp3,82.84,
28380193,spotify-track-0E6nWbRxAWfgC0jpPohgun,,,,file://localhost/Users/hordia/dev/9216-TIMMD/music/sample_audio/Angeles Azules/spotify-track-0E6nWbRxAWfgC0jpPohgun.mp3,0.0,
96261425,spotify-track-0HlMshB5JmZjPNbOuOgFHN,,,,file://localhost/Users/hordia/dev/9216-TIMMD/music/sample_audio/Angeles Azules/spotify-track-0HlMshB5JmZjPNbOuOgFHN.mp3,93.93,
58562899,spotify-track-0k5Nh4iu6jb91GyvqUZJC1,,,,file://localhost/Users/hordia/dev/9216-TIMMD/music/sample_audio/Angeles Azules/spotify-track-0k5Nh4iu6jb91GyvqUZJC1.mp3,86.0,
268060787,spotify-track-0lCVzecQJrzrig2sJkTj6g,,,,file://localhost/Users/hordia/dev/9216-TIMMD/music/sample_audio/Angeles Azules/spotify-track-0lCVzecQJrzrig2sJkTj6g.mp3,91.99,
205816535,spotify-track-0lnGn0IfPHNIWZDr7N6ssc,,,,file://localhost/Users/hordia/dev/9216-TIMMD/music/sample_audio/Angeles Azules/spotify-track-0lnGn0IfPHNIWZDr7N6ssc.mp3,136.95,
146814849,spotify-track-0mqT6BK2rnEtuwLB5OPkVb,,,,file://localhost/Users/hordia/dev/9216-TIMMD/music/sample_audio/Angeles Azules/spotify-track-0mqT6BK2rnEtuwLB5OPkVb.mp3,160.0,
144766962,spotify-track-0N5qTofETElfJvRvpF3Mk6,,,,file://localhost/Users/hordia/dev/9216-TIMMD/music/sample_audio/Angeles Azules/spotify-track-0N5qTofETElfJvRvpF3Mk6.mp3,88.0,
54130048,spotify-track-0N7kssFyj28g3L8mKCIj1V,,,,file://localhost/Users/hordia/dev/9216-TIMMD/music/sample_audio/Angeles Azules/spotify-track-0N7kssFyj28g3L8mKCIj1V.mp3,0.0,
9917198,spotify-track-0NLCproVurQVarImbC5coP,,,,file://localhost/Users/hordia/dev/9216-TIMMD/music/sample_audio/Angeles Azules/spotify-track-0NLCproVurQVarImbC5coP.mp3,93.93,
228813635,spotify-track-0O8zNbJNEDg9x3S0hZvRMu,,,,file://localhost/Users/hordia/dev/9216-TIMMD/music/sample_audio/Angeles Azules/spotify-track-0O8zNbJNEDg9x3S0hZvRMu.mp3,83.96,
69095453,spotify-track-0oMdkfKrGZ20ruFGMFaPvy,,,,file://localhost/Users/hordia/dev/9216-TIMMD/music/sample_audio/Angeles Azules/spotify-track-0oMdkfKrGZ20ruFGMFaPvy.mp3,164.37,
250498671,spotify-track-0PTEI0crqAI5I2F61FeJ6U,,,,file://localhost/Users/hordia/dev/9216-TIMMD/music/sample_audio/Angeles Azules/spotify-track-0PTEI0crqAI5I2F61FeJ6U.mp3,86.0,
106096113,spotify-track-0qcchMUfLxQX66T73eI0wm,,,,file://localhost/Users/hordia/dev/9216-TIMMD/music/sample_audio/Angeles Azules/spotify-track-0qcchMUfLxQX66T73eI0wm.mp3,164.37,
185090747,spotify-track-0qwR0zOCBq6YN4QFLLys2F,,,,file://localhost/Users/hordia/dev/9216-TIMMD/music/sample_audio/Angeles Azules/spotify-track-0qwR0zOCBq6YN4QFLLys2F.mp3,173.95,
27645458,spotify-track-0viGP2KObHj3kYPnUt8OcK,,,,file://localhost/Users/hordia/dev/9216-TIMMD/music/sample_audio/Angeles Azules/spotify-track-0viGP2KObHj3kYPnUt8OcK.mp3,101.91,
78702049,spotify-track-0XZo5RtHQbNIuQqMm7ZXuz,,,,file://localhost/Users/hordia/dev/9216-TIMMD/music/sample_audio/Angeles Azules/spotify-track-0XZo5RtHQbNIuQqMm7ZXuz.mp3,88.16,
160785073,spotify-track-0yVTngrhEUPwMR5yWsnVvq,,,,file://localhost/Users/hordia/dev/9216-TIMMD/music/sample_audio/Angeles Azules/spotify-track-0yVTngrhEUPwMR5yWsnVvq.mp3,127.8,
183948166,spotify-track-0Za4fscwHmyjVilqOgtmlk,,,,file://localhost/Users/hordia/dev/9216-TIMMD/music/sample_audio/Angeles Azules/spotify-track-0Za4fscwHmyjVilqOgtmlk.mp3,163.85,
39460688,spotify-track-1c5u6c3mOy1VXbworXmyHE,,,,file://localhost/Users/hordia/dev/9216-TIMMD/music/sample_audio/Angeles Azules/spotify-track-1c5u6c3mOy1VXbworXmyHE.mp3,163.96,
42877834,spotify-track-1EmDQFiYDab3gl7trcKkeX,,,,file://localhost/Users/hordia/dev/9216-TIMMD/music/sample_audio/Angeles Azules/spotify-track-1EmDQFiYDab3gl7trcKkeX.mp3,105.75,
69386340,spotify-track-1EzBdauNkU81AZ5IpDQGwG,,,,file://localhost/Users/hordia/dev/9216-TIMMD/music/sample_audio/Angeles Azules/spotify-track-1EzBdauNkU81AZ5IpDQGwG.mp3,93.11,
168805173,spotify-track-1LQ0kBOFKfwzoAH5ZF90OM,,,,file://localhost/Users/hordia/dev/9216-TIMMD/music/sample_audio/Angeles Azules/spotify-track-1LQ0kBOFKfwzoAH5ZF90OM.mp3,92.0,
99803823,spotify-track-1n1htKGh0CJOU4O59kzwfl,,,,file://localhost/Users/hordia/dev/9216-TIMMD/music/sample_audio/Angeles Azules/spotify-track-1n1htKGh0CJOU4O59kzwfl.mp3,162.73,
202246087,spotify-track-1Os514r9Ap3lNF2rBczwIz,,,,file://localhost/Users/hordia/dev/9216-TIMMD/music/sample_audio/Angeles Azules/spotify-track-1Os514r9Ap3lNF2rBczwIz.mp3,0.0,
187831098,spotify-track-1PYP2FtBUVjyQEAEh8291G,,,,file://localhost/Users/hordia/dev/9216-TIMMD/music/sample_audio/Angeles Azules/spotify-track-1PYP2FtBUVjyQEAEh8291G.mp3,95.95,
136542246,spotify-track-1rA9qSaVkPLoABUYUoxqP7,,,,file://localhost/Users/hordia/dev/9216-TIMMD/music/sample_audio/Angeles Azules/spotify-track-1rA9qSaVkPLoABUYUoxqP7.mp3,104.0,
68447892,spotify-track-01rVVCdnNxpr7NgdIagICL,,,,file://localhost/Users/hordia/dev/9216-TIMMD/music/sample_audio/Angeles Azules/spotify-track-01rVVCdnNxpr7NgdIagICL.mp3,84.88,
49784256,spotify-track-1TuDA6jmCqmpmEL2fYvzr3,,,,file://localhost/Users/hordia/dev/9216-TIMMD/music/sample_audio/Angeles Azules/spotify-track-1TuDA6jmCqmpmEL2fYvzr3.mp3,164.12,
24743939,spotify-track-1uGsPzALWt73zxxBr7hRlz,,,,file://localhost/Users/hordia/dev/9216-TIMMD/music/sample_audio/Angeles Azules/spotify-track-1uGsPzALWt73zxxBr7hRlz.mp3,177.28,
84383510,spotify-track-1v3pQ84fITUtZy5l2s5n4H,,,,file://localhost/Users/hordia/dev/9216-TIMMD/music/sample_audio/Angeles Azules/spotify-track-1v3pQ84fITUtZy5l2s5n4H.mp3,176.1,
262968597,spotify-track-1YHiq5iuXraptr8feJfEZn,,,,file://localhost/Users/hordia/dev/9216-TIMMD/music/sample_audio/Angeles Azules/spotify-track-1YHiq5iuXraptr8feJfEZn.mp3,168.0,
265655523,spotify-track-1zgTTXWby9R40Gj9rHgH8e,,,,file://localhost/Users/hordia/dev/9216-TIMMD/music/sample_audio/Angeles Azules/spotify-track-1zgTTXWby9R40Gj9rHgH8e.mp3,88.0,
59365966,spotify-track-1ZQDcinQVwSTSAIy6bU0DK,,,,file://localhost/Users/hordia/dev/9216-TIMMD/music/sample_audio/Angeles Azules/spotify-track-1ZQDcinQVwSTSAIy6bU0DK.mp3,97.09,
188237875,spotify-track-2Adg6787i6N1YIqGzWOchz,,,,file://localhost/Users/hordia/dev/9216-TIMMD/music/sample_audio/Angeles Azules/spotify-track-2Adg6787i6N1YIqGzWOchz.mp3,92.75,
176905128,spotify-track-2AhflUHuthf9Kw8lObFjvl,,,,file://localhost/Users/hordia/dev/9216-TIMMD/music/sample_audio/Angeles Azules/spotify-track-2AhflUHuthf9Kw8lObFjvl.mp3,128.0,
127977554,spotify-track-2aKo5PbaV6BL7HnFkPqFGV,,,,file://localhost/Users/hordia/dev/9216-TIMMD/music/sample_audio/Angeles Azules/spotify-track-2aKo5PbaV6BL7HnFkPqFGV.mp3,165.82,
69283115,spotify-track-2diVzEgMbxGop8hS8YTqRr,,,,file://localhost/Users/hordia/dev/9216-TIMMD/music/sample_audio/Angeles Azules/spotify-track-2diVzEgMbxGop8hS8YTqRr.mp3,79.94,
255321390,spotify-track-2ecg5BhSr8UDuMOzwm8nTm,,,,file://localhost/Users/hordia/dev/9216-TIMMD/music/sample_audio/Angeles Azules/spotify-track-2ecg5BhSr8UDuMOzwm8nTm.mp3,159.67,
224598075,spotify-track-2FK6iaDEQqS7BhlagyAhCl,,,,file://localhost/Users/hordia/dev/9216-TIMMD/music/sample_audio/Angeles Azules/spotify-track-2FK6iaDEQqS7BhlagyAhCl.mp3,0.0,
28574083,spotify-track-2g01YW6oOqqzUfb4iOsBNt,,,,file://localhost/Users/hordia/dev/9216-TIMMD/music/sample_audio/Angeles Azules/spotify-track-2g01YW6oOqqzUfb4iOsBNt.mp3,170.69,
149350299,spotify-track-2hnBwlO8AMrYS8z38Fm2ju,,,,file://localhost/Users/hordia/dev/9216-TIMMD/music/sample_audio/Angeles Azules/spotify-track-2hnBwlO8AMrYS8z38Fm2ju.mp3,165.58,
20748715,spotify-track-2kXeAEpGBN874ZKJPV24fr,,,,file://localhost/Users/hordia/dev/9216-TIMMD/music/sample_audio/Angeles Azules/spotify-track-2kXeAEpGBN874ZKJPV24fr.mp3,151.97,
121854540,spotify-track-2mnaWh59yEAs00Jh63oBxO,,,,file://localhost/Users/hordia/dev/9216-TIMMD/music/sample_audio/Angeles Azules/spotify-track-2mnaWh59yEAs00Jh63oBxO.mp3,90.0,
58638354,spotify-track-2N8VfBQL4jOfiBn8exOuua,,,,file://localhost/Users/hordia/dev/9216-TIMMD/music/sample_audio/Angeles Azules/spotify-track-2N8VfBQL4jOfiBn8exOuua.mp3,169.99,
250512404,spotify-track-2NHBZeMhIlP9GXHYVWHKjI,,,,file://localhost/Users/hordia/dev/9216-TIMMD/music/sample_audio/Angeles Azules/spotify-track-2NHBZeMhIlP9GXHYVWHKjI.mp3,99.19,
162905170,spotify-track-2nwHN5TM4OBdrwCUSx0wnE,,,,file://localhost/Users/hordia/dev/9216-TIMMD/music/sample_audio/Angeles Azules/spotify-track-2nwHN5TM4OBdrwCUSx0wnE.mp3,92.0,
150310390,spotify-track-2pIYt0YnQFXWJ1etjZFTD2,,,,file://localhost/Users/hordia/dev/9216-TIMMD/music/sample_audio/Angeles Azules/spotify-track-2pIYt0YnQFXWJ1etjZFTD2.mp3,86.0,
60781785,spotify-track-2PyNlUtZwWCuke7i4c6I8X,,,,file://localhost/Users/hordia/dev/9216-TIMMD/music/sample_audio/Angeles Azules/spotify-track-2PyNlUtZwWCuke7i4c6I8X.mp3,89.06,
160599972,spotify-track-2QAwnJ1GBB9MVrKUzd88q0,,,,file://localhost/Users/hordia/dev/9216-TIMMD/music/sample_audio/Angeles Azules/spotify-track-2QAwnJ1GBB9MVrKUzd88q0.mp3,108.0,
151400035,spotify-track-2sAFBZ8a7uTT7tsAsjoUzo,,,,file://localhost/Users/hordia/dev/9216-TIMMD/music/sample_audio/Angeles Azules/spotify-track-2sAFBZ8a7uTT7tsAsjoUzo.mp3,179.71,
260712064,spotify-track-2SnGl1Pd8STWuzdm7feYYe,,,,file://localhost/Users/hordia/dev/9216-TIMMD/music/sample_audio/Angeles Azules/spotify-track-2SnGl1Pd8STWuzdm7feYYe.mp3,136.95,
91311195,spotify-track-2UEtDgTf1dJ1IykJTkpvba,,,,file://localhost/Users/hordia/dev/9216-TIMMD/music/sample_audio/Angeles Azules/spotify-track-2UEtDgTf1dJ1IykJTkpvba.mp3,102.06,
146397539,spotify-track-2VXO4kj9yCrGx5EN7OnTZl,,,,file://localhost/Users/hordia/dev/9216-TIMMD/music/sample_audio/Angeles Azules/spotify-track-2VXO4kj9yCrGx5EN7OnTZl.mp3,85.99,
200765488,spotify-track-2WknzqOaxAME598m4BTfl0,,,,file://localhost/Users/hordia/dev/9216-TIMMD/music/sample_audio/Angeles Azules/spotify-track-2WknzqOaxAME598m4BTfl0.mp3,95.05,
27449186,spotify-track-2Xaawp3z3fhFbRuyZjt6J9,,,,file://localhost/Users/hordia/dev/9216-TIMMD/music/sample_audio/Angeles Azules/spotify-track-2Xaawp3z3fhFbRuyZjt6J9.mp3,169.19,
204270867,spotify-track-2yNzGnCEoATsZfnRuz1ucq,,,,file://localhost/Users/hordia/dev/9216-TIMMD/music/sample_audio/Angeles Azules/spotify-track-2yNzGnCEoATsZfnRuz1ucq.mp3,0.0,
246718090,spotify-track-2zC7PXjLJbSzRyciRmTQDk,,,,file://localhost/Users/hordia/dev/9216-TIMMD/music/sample_audio/Angeles Azules/spotify-track-2zC7PXjLJbSzRyciRmTQDk.mp3,0.0,
233309628,spotify-track-3A8x0oPHMW3za9EBWAc5iv,,,,file://localhost/Users/hordia/dev/9216-TIMMD/music/sample_audio/Angeles Azules/spotify-track-3A8x0oPHMW3za9EBWAc5iv.mp3,0.0,
109964124,spotify-track-3b5CtVuSnkQWOsVpznC44t,,,,file://localhost/Users/hordia/dev/9216-TIMMD/music/sample_audio/Angeles Azules/spotify-track-3b5CtVuSnkQWOsVpznC44t.mp3,0.0,
27940883,spotify-track-3c6lC1agK75REzeW3Wevx5,,,,file://localhost/Users/hordia/dev/9216-TIMMD/music/sample_audio/Angeles Azules/spotify-track-3c6lC1agK75REzeW3Wevx5.mp3,0.0,
243051688,spotify-track-3cRsBnJFWiqedDVYpXhMSl,,,,file://localhost/Users/hordia/dev/9216-TIMMD/music/sample_audio/Angeles Azules/spotify-track-3cRsBnJFWiqedDVYpXhMSl.mp3,0.0,
221716195,spotify-track-3ctFSqV4FTgkVEitzKerf1,,,,file://localhost/Users/hordia/dev/9216-TIMMD/music/sample_audio/Angeles Azules/spotify-track-3ctFSqV4FTgkVEitzKerf1.mp3,0.0,
22572981,spotify-track-3dqMBQ70vjK7B0LWryJLzy,,,,file://localhost/Users/hordia/dev/9216-TIMMD/music/sample_audio/Angeles Azules/spotify-track-3dqMBQ70vjK7B0LWryJLzy.mp3,0.0,
108397213,spotify-track-3FMIZnKvP7jo7uylZnd3Ss,,,,file://localhost/Users/hordia/dev/9216-TIMMD/music/sample_audio/Angeles Azules/spotify-track-3FMIZnKvP7jo7uylZnd3Ss.mp3,0.0,
251893252,spotify-track-3FTdndcHwgUc2NOkyn601R,,,,file://localhost/Users/hordia/dev/9216-TIMMD/music/sample_audio/Angeles Azules/spotify-track-3FTdndcHwgUc2NOkyn601R.mp3,0.0,
39081084,spotify-track-3GA7fFba0Y2DqSea29flBP,,,,file://localhost/Users/hordia/dev/9216-TIMMD/music/sample_audio/Angeles Azules/spotify-track-3GA7fFba0Y2DqSea29flBP.mp3,0.0,
188450305,spotify-track-3H2gWvIe0I0q9IQiHJSltJ,,,,file://localhost/Users/hordia/dev/9216-TIMMD/music/sample_audio/Angeles Azules/spotify-track-3H2gWvIe0I0q9IQiHJSltJ.mp3,0.0,
26473474,spotify-track-3qD6ulkmhikjzl84JAslrG,,,,file://localhost/Users/hordia/dev/9216-TIMMD/music/sample_audio/Angeles Azules/spotify-track-3qD6ulkmhikjzl84JAslrG.mp3,0.0,
50695551,spotify-track-3RRcH6A7aPcVZPHQ1LrfBv,,,,file://localhost/Users/hordia/dev/9216-TIMMD/music/sample_audio/Angeles Azules/spotify-track-3RRcH6A7aPcVZPHQ1LrfBv.mp3,0.0,
174075705,spotify-track-03tZ9PsDSuVUgkLveFa6QH,,,,file://localhost/Users/hordia/dev/9216-TIMMD/music/sample_audio/Angeles Azules/spotify-track-03tZ9PsDSuVUgkLveFa6QH.mp3,0.0,
94778004,spotify-track-3Ye8BfVkwhD7cAUk6hZ6HQ,,,,file://localhost/Users/hordia/dev/9216-TIMMD/music/sample_audio/Angeles Azules/spotify-track-3Ye8BfVkwhD7cAUk6hZ6HQ.mp3,0.0,
50008595,spotify-track-3zNHMb8lMrub8tfl450Ixr,,,,file://localhost/Users/hordia/dev/9216-TIMMD/music/sample_audio/Angeles Azules/spotify-track-3zNHMb8lMrub8tfl450Ixr.mp3,0.0,
118948339,spotify-track-4b7tsBxxRIlRJXfkZvGniB,,,,file://localhost/Users/hordia/dev/9216-TIMMD/music/sample_audio/Angeles Azules/spotify-track-4b7tsBxxRIlRJXfkZvGniB.mp3,0.0,
110160383,spotify-track-4Bwm2c8c1Wed8TL51CmVtF,,,,file://localhost/Users/hordia/dev/9216-TIMMD/music/sample_audio/Angeles Azules/spotify-track-4Bwm2c8c1Wed8TL51CmVtF.mp3,0.0,
108866317,spotify-track-4dLLdfiniBhDP9dlJQIOi4,,,,file://localhost/Users/hordia/dev/9216-TIMMD/music/sample_audio/Angeles Azules/spotify-track-4dLLdfiniBhDP9dlJQIOi4.mp3,0.0,
242008204,spotify-track-4FGSQLbxD03WY9PmTlURf2,,,,file://localhost/Users/hordia/dev/9216-TIMMD/music/sample_audio/Angeles Azules/spotify-track-4FGSQLbxD03WY9PmTlURf2.mp3,0.0,
206090538,spotify-track-4FLpJyNMOWSOjfKfhAIGHS,,,,file://localhost/Users/hordia/dev/9216-TIMMD/music/sample_audio/Angeles Azules/spotify-track-4FLpJyNMOWSOjfKfhAIGHS.mp3,0.0,
7742582,spotify-track-4gMX5Ny2JOVwKwxSQzK0D0,,,,file://localhost/Users/hordia/dev/9216-TIMMD/music/sample_audio/Angeles Azules/spotify-track-4gMX5Ny2JOVwKwxSQzK0D0.mp3,0.0,
234799449,spotify-track-4h96j1LG3fBVyhkVD1krMq,,,,file://localhost/Users/hordia/dev/9216-TIMMD/music/sample_audio/Angeles Azules/spotify-track-4h96j1LG3fBVyhkVD1krMq.mp3,0.0,
2203956,spotify-track-4iIQM2cjf1xoF0oG5T4IQh,,,,file://localhost/Users/hordia/dev/9216-TIMMD/music/sample_audio/Angeles Azules/spotify-track-4iIQM2cjf1xoF0oG5T4IQh.mp3,0.0,
13199730,spotify-track-4IQnoSQTsX6E3mGXChO9w5,,,,file://localhost/Users/hordia/dev/9216-TIMMD/music/sample_audio/Angeles Azules/spotify-track-4IQnoSQTsX6E3mGXChO9w5.mp3,0.0,
92101373,spotify-track-4lgrlMGTRW0aFEBi5bloWx,,,,file://localhost/Users/hordia/dev/9216-TIMMD/music/sample_audio/Angeles Azules/spotify-track-4lgrlMGTRW0aFEBi5bloWx.mp3,0.0,
165076253,spotify-track-4mMEba2crsn753yhcFFBbB,,,,file://localhost/Users/hordia/dev/9216-TIMMD/music/sample_audio/Angeles Azules/spotify-track-4mMEba2crsn753yhcFFBbB.mp3,0.0,
2238743,spotify-track-4N8HdqR5NAKiFrWz8wcje9,,,,file://localhost/Users/hordia/dev/9216-TIMMD/music/sample_audio/Angeles Azules/spotify-track-4N8HdqR5NAKiFrWz8wcje9.mp3,0.0,
184744977,spotify-track-4oWenRIw2jFycLvJod7qVz,,,,file://localhost/Users/hordia/dev/9216-TIMMD/music/sample_audio/Angeles Azules/spotify-track-4oWenRIw2jFycLvJod7qVz.mp3,0.0,
26954669,spotify-track-4pZxkiTIAC4DnOW71p1UQP,,,,file://localhost/Users/hordia/dev/9216-TIMMD/music/sample_audio/Angeles Azules/spotify-track-4pZxkiTIAC4DnOW71p1UQP.mp3,0.0,
104202212,spotify-track-4QPzIOjgRjiJ5MkeJOQDv3,,,,file://localhost/Users/hordia/dev/9216-TIMMD/music/sample_audio/Angeles Azules/spotify-track-4QPzIOjgRjiJ5MkeJOQDv3.mp3,0.0,
110179182,spotify-track-4sopapWBS3J9Ndzmxdb7hh,,,,file://localhost/Users/hordia/dev/9216-TIMMD/music/sample_audio/Angeles Azules/spotify-track-4sopapWBS3J9Ndzmxdb7hh.mp3,0.0,
261909483,spotify-track-5aBE8z8oYfaHhTZ6ekrP6u,,,,file://localhost/Users/hordia/dev/9216-TIMMD/music/sample_audio/Angeles Azules/spotify-track-5aBE8z8oYfaHhTZ6ekrP6u.mp3,0.0,
211607681,spotify-track-5GJ89BB0DcOtySjc4qVJ5d,,,,file://localhost/Users/hordia/dev/9216-TIMMD/music/sample_audio/Angeles Azules/spotify-track-5GJ89BB0DcOtySjc4qVJ5d.mp3,0.0,
97879895,spotify-track-5hIDmYCrX2be6ZolvvItJe,,,,file://localhost/Users/hordia/dev/9216-TIMMD/music/sample_audio/Angeles Azules/spotify-track-5hIDmYCrX2be6ZolvvItJe.mp3,0.0,
157429649,spotify-track-5i7MT4Fhii176jDApnqLHb,,,,file://localhost/Users/hordia/dev/9216-TIMMD/music/sample_audio/Angeles Azules/spotify-track-5i7MT4Fhii176jDApnqLHb.mp3,0.0,
214869782,spotify-track-5JwEF8nPkWp8hYpGuZonb2,,,,file://localhost/Users/hordia/dev/9216-TIMMD/music/sample_audio/Angeles Azules/spotify-track-5JwEF8nPkWp8hYpGuZonb2.mp3,0.0,
203777666,spotify-track-5M6bJO7Cfl4lnPoAHG0EdD,,,,file://localhost/Users/hordia/dev/9216-TIMMD/music/sample_audio/Angeles Azules/spotify-track-5M6bJO7Cfl4lnPoAHG0EdD.mp3,0.0,
205944479,spotify-track-5o0glVq9Niji0uAFnr9Jnz,,,,file://localhost/Users/hordia/dev/9216-TIMMD/music/sample_audio/Angeles Azules/spotify-track-5o0glVq9Niji0uAFnr9Jnz.mp3,0.0,
118791508,spotify-track-5opgQuq0KvuQeSYy9uB8mh,,,,file://localhost/Users/hordia/dev/9216-TIMMD/music/sample_audio/Angeles Azules/spotify-track-5opgQuq0KvuQeSYy9uB8mh.mp3,0.0,
148282486,spotify-track-5OtXiVJRQB30MBwohT9p0E,,,,file://localhost/Users/hordia/dev/9216-TIMMD/music/sample_audio/Angeles Azules/spotify-track-5OtXiVJRQB30MBwohT9p0E.mp3,0.0,
232557487,spotify-track-5Qv9CmAHCWKs1okEFl6chK,,,,file://localhost/Users/hordia/dev/9216-TIMMD/music/sample_audio/Angeles Azules/spotify-track-5Qv9CmAHCWKs1okEFl6chK.mp3,0.0,
190188043,spotify-track-5RXNhnDurxwCtlNcKpkJH5,,,,file://localhost/Users/hordia/dev/9216-TIMMD/music/sample_audio/Angeles Azules/spotify-track-5RXNhnDurxwCtlNcKpkJH5.mp3,0.0,
126932065,spotify-track-5T0JTVzEhvQSuKMEhIAgxq,,,,file://localhost/Users/hordia/dev/9216-TIMMD/music/sample_audio/Angeles Azules/spotify-track-5T0JTVzEhvQSuKMEhIAgxq.mp3,0.0,
74023881,spotify-track-5t7mrcp7SzQMnftbJdSSA1,,,,file://localhost/Users/hordia/dev/9216-TIMMD/music/sample_audio/Angeles Azules/spotify-track-5t7mrcp7SzQMnftbJdSSA1.mp3,0.0,
243654333,spotify-track-5tAcMyimxLHhREVTPEuqXG,,,,file://localhost/Users/hordia/dev/9216-TIMMD/music/sample_audio/Angeles Azules/spotify-track-5tAcMyimxLHhREVTPEuqXG.mp3,0.0,
15596216,spotify-track-5tF3YYyyDVqw8xsdJIws8r,,,,file://localhost/Users/hordia/dev/9216-TIMMD/music/sample_audio/Angeles Azules/spotify-track-5tF3YYyyDVqw8xsdJIws8r.mp3,0.0,
89879914,spotify-track-5tJmoL5FkVTSfxGNx7eOzs,,,,file://localhost/Users/hordia/dev/9216-TIMMD/music/sample_audio/Angeles Azules/spotify-track-5tJmoL5FkVTSfxGNx7eOzs.mp3,0.0,
170886167,spotify-track-5TSyStssRCBlvSnjzpnZWl,,,,file://localhost/Users/hordia/dev/9216-TIMMD/music/sample_audio/Angeles Azules/spotify-track-5TSyStssRCBlvSnjzpnZWl.mp3,0.0,
59547442,spotify-track-5tYsWdLzwJYEGst6NOB3KS,,,,file://localhost/Users/hordia/dev/9216-TIMMD/music/sample_audio/Angeles Azules/spotify-track-5tYsWdLzwJYEGst6NOB3KS.mp3,0.0,
179030559,spotify-track-5vJZbwVA84J98xBQHH9QCa,,,,file://localhost/Users/hordia/dev/9216-TIMMD/music/sample_audio/Angeles Azules/spotify-track-5vJZbwVA84J98xBQHH9QCa.mp3,0.0,
172374796,spotify-track-5woMjo2BA4tBrcGv7B8snr,,,,file://localhost/Users/hordia/dev/9216-TIMMD/music/sample_audio/Angeles Azules/spotify-track-5woMjo2BA4tBrcGv7B8snr.mp3,0.0,
30685260,spotify-track-5wu3g9JQREsWHszKnKQHa4,,,,file://localhost/Users/hordia/dev/9216-TIMMD/music/sample_audio/Angeles Azules/spotify-track-5wu3g9JQREsWHszKnKQHa4.mp3,0.0,
66508006,spotify-track-5zE2XYc6zON8lIYgDi6ZvP,,,,file://localhost/Users/hordia/dev/9216-TIMMD/music/sample_audio/Angeles Azules/spotify-track-5zE2XYc6zON8lIYgDi6ZvP.mp3,0.0,
24586342,spotify-track-5zOxGBR8fT1a7P58vkKTCs,,,,file://localhost/Users/hordia/dev/9216-TIMMD/music/sample_audio/Angeles Azules/spotify-track-5zOxGBR8fT1a7P58vkKTCs.mp3,0.0,
206126863,spotify-track-5zRaGcan8lObkQ5n26XqY0,,,,file://localhost/Users/hordia/dev/9216-TIMMD/music/sample_audio/Angeles Azules/spotify-track-5zRaGcan8lObkQ5n26XqY0.mp3,0.0,
92116477,spotify-track-5zvZmHCLMhufUeLDREt35N,,,,file://localhost/Users/hordia/dev/9216-TIMMD/music/sample_audio/Angeles Azules/spotify-track-5zvZmHCLMhufUeLDREt35N.mp3,0.0,
265472224,spotify-track-6AEvRak0rLoxfjzfml0iMJ,,,,file://localhost/Users/hordia/dev/9216-TIMMD/music/sample_audio/Angeles Azules/spotify-track-6AEvRak0rLoxfjzfml0iMJ.mp3,0.0,
231247594,spotify-track-6AF8DKedCetDwOYyJh4jxU,,,,file://localhost/Users/hordia/dev/9216-TIMMD/music/sample_audio/Angeles Azules/spotify-track-6AF8DKedCetDwOYyJh4jxU.mp3,0.0,
179538614,spotify-track-6AS4UvRarKWVMueNkTKTXe,,,,file://localhost/Users/hordia/dev/9216-TIMMD/music/sample_audio/Angeles Azules/spotify-track-6AS4UvRarKWVMueNkTKTXe.mp3,0.0,
237636642,spotify-track-6b2BVDyqhzA2DHIe01cNhV,,,,file://localhost/Users/hordia/dev/9216-TIMMD/music/sample_audio/Angeles Azules/spotify-track-6b2BVDyqhzA2DHIe01cNhV.mp3,0.0,
97277148,spotify-track-6CWjj4nFhrQGtf3LyMkDf5,,,,file://localhost/Users/hordia/dev/9216-TIMMD/music/sample_audio/Angeles Azules/spotify-track-6CWjj4nFhrQGtf3LyMkDf5.mp3,0.0,
16937367,spotify-track-6FrfUuEyz09iGarlHrDidb,,,,file://localhost/Users/hordia/dev/9216-TIMMD/music/sample_audio/Angeles Azules/spotify-track-6FrfUuEyz09iGarlHrDidb.mp3,0.0,
249358205,spotify-track-6GJVcTfF5t0vDHoiNFmKQ8,,,,file://localhost/Users/hordia/dev/9216-TIMMD/music/sample_audio/Angeles Azules/spotify-track-6GJVcTfF5t0vDHoiNFmKQ8.mp3,0.0,
93208806,spotify-track-6H1PWGTlGNRCIdFert5MCC,,,,file://localhost/Users/hordia/dev/9216-TIMMD/music/sample_audio/Angeles Azules/spotify-track-6H1PWGTlGNRCIdFert5MCC.mp3,0.0,
8859620,spotify-track-6JZoOT5MUbshmYtH7CplbL,,,,file://localhost/Users/hordia/dev/9216-TIMMD/music/sample_audio/Angeles Azules/spotify-track-6JZoOT5MUbshmYtH7CplbL.mp3,0.0,
181842279,spotify-track-6kXLLpboEWQQh6MtnqYH2o,,,,file://localhost/Users/hordia/dev/9216-TIMMD/music/sample_audio/Angeles Azules/spotify-track-6kXLLpboEWQQh6MtnqYH2o.mp3,0.0,
101507628,spotify-track-6lP7QmjYDYMpe29iHazKUU,,,,file://localhost/Users/hordia/dev/9216-TIMMD/music/sample_audio/Angeles Azules/spotify-track-6lP7QmjYDYMpe29iHazKUU.mp3,0.0,
105696201,spotify-track-6ni9CCHjPkaln00wQBTMmv,,,,file://localhost/Users/hordia/dev/9216-TIMMD/music/sample_audio/Angeles Azules/spotify-track-6ni9CCHjPkaln00wQBTMmv.mp3,0.0,
41020649,spotify-track-6ok8RAvW1sPRIGkLN8iP3N,,,,file://localhost/Users/hordia/dev/9216-TIMMD/music/sample_audio/Angeles Azules/spotify-track-6ok8RAvW1sPRIGkLN8iP3N.mp3,0.0,
76487253,spotify-track-6OryDJSbObHMfaRF0nkErq,,,,file://localhost/Users/hordia/dev/9216-TIMMD/music/sample_audio/Angeles Azules/spotify-track-6OryDJSbObHMfaRF0nkErq.mp3,0.0,
266526958,spotify-track-6QoSmuNJXU0dDM6M8rLe5Y,,,,file://localhost/Users/hordia/dev/9216-TIMMD/music/sample_audio/Angeles Azules/spotify-track-6QoSmuNJXU0dDM6M8rLe5Y.mp3,0.0,
23207175,spotify-track-6s9V2jVwdsNeDEC7FSfNsJ,,,,file://localhost/Users/hordia/dev/9216-TIMMD/music/sample_audio/Angeles Azules/spotify-track-6s9V2jVwdsNeDEC7FSfNsJ.mp3,0.0,
139814825,spotify-track-6sCAN0LmE1yw95ilqcPXjC,,,,file://localhost/Users/hordia/dev/9216-TIMMD/music/sample_audio/Angeles Azules/spotify-track-6sCAN0LmE1yw95ilqcPXjC.mp3,0.0,
185799746,spotify-track-6SrjAGvTYS29EhCqPnpJh3,,,,file://localhost/Users/hordia/dev/9216-TIMMD/music/sample_audio/Angeles Azules/spotify-track-6SrjAGvTYS29EhCqPnpJh3.mp3,0.0,
194424897,spotify-track-6vCiHNQS36ddtW7459GmzN,,,,file://localhost/Users/hordia/dev/9216-TIMMD/music/sample_audio/Angeles Azules/spotify-track-6vCiHNQS36ddtW7459GmzN.mp3,0.0,
114502339,spotify-track-6W8z8lhkjN4tXnIiWtXp4M,,,,file://localhost/Users/hordia/dev/9216-TIMMD/music/sample_audio/Angeles Azules/spotify-track-6W8z8lhkjN4tXnIiWtXp4M.mp3,0.0,
170047113,spotify-track-6WhBAbnrhPrBkTwI3uMBwZ,,,,file://localhost/Users/hordia/dev/9216-TIMMD/music/sample_audio/Angeles Azules/spotify-track-6WhBAbnrhPrBkTwI3uMBwZ.mp3,0.0,
68578940,spotify-track-6xcQ1xLFK2kJ2to4uOgcUl,,,,file://localhost/Users/hordia/dev/9216-TIMMD/music/sample_audio/Angeles Azules/spotify-track-6xcQ1xLFK2kJ2to4uOgcUl.mp3,0.0,
236293091,spotify-track-6yMVWyH3BQGK3tYhv9RTl0,,,,file://localhost/Users/hordia/dev/9216-TIMMD/music/sample_audio/Angeles Azules/spotify-track-6yMVWyH3BQGK3tYhv9RTl0.mp3,0.0,
24732974,spotify-track-6zGp2UBIT56dWSeFlm4iUD,,,,file://localhost/Users/hordia/dev/9216-TIMMD/music/sample_audio/Angeles Azules/spotify-track-6zGp2UBIT56dWSeFlm4iUD.mp3,0.0,
94486609,spotify-track-6ZJTmBjTrOHv8EYmjeWpZc,,,,file://localhost/Users/hordia/dev/9216-TIMMD/music/sample_audio/Angeles Azules/spotify-track-6ZJTmBjTrOHv8EYmjeWpZc.mp3,0.0,
9149896,spotify-track-7a6pwxMsaJAMZd9Q6fzpca,,,,file://localhost/Users/hordia/dev/9216-TIMMD/music/sample_audio/Angeles Azules/spotify-track-7a6pwxMsaJAMZd9Q6fzpca.mp3,0.0,
267490125,spotify-track-7Aul3N0gviz9Q0gXAcGKf8,,,,file://localhost/Users/hordia/dev/9216-TIMMD/music/sample_audio/Angeles Azules/spotify-track-7Aul3N0gviz9Q0gXAcGKf8.mp3,0.0,
139113674,spotify-track-7BemWaQNfMao7RWw0WYAQi,,,,file://localhost/Users/hordia/dev/9216-TIMMD/music/sample_audio/Angeles Azules/spotify-track-7BemWaQNfMao7RWw0WYAQi.mp3,0.0,
209393717,spotify-track-7cxTEMANdtwddk2rajwYjh,,,,file://localhost/Users/hordia/dev/9216-TIMMD/music/sample_audio/Angeles Azules/spotify-track-7cxTEMANdtwddk2rajwYjh.mp3,0.0,
159398853,spotify-track-7DcH5JUpb4Mso2yBLiwRBk,,,,file://localhost/Users/hordia/dev/9216-TIMMD/music/sample_audio/Angeles Azules/spotify-track-7DcH5JUpb4Mso2yBLiwRBk.mp3,0.0,
55000176,spotify-track-7gr9lJ5mVX0PfrApeAyT76,,,,file://localhost/Users/hordia/dev/9216-TIMMD/music/sample_audio/Angeles Azules/spotify-track-7gr9lJ5mVX0PfrApeAyT76.mp3,0.0,
6535970,spotify-track-7hK3FhnQCO23XYKt1H5rPd,,,,file://localhost/Users/hordia/dev/9216-TIMMD/music/sample_audio/Angeles Azules/spotify-track-7hK3FhnQCO23XYKt1H5rPd.mp3,0.0,
152263864,spotify-track-7IvOkXBotyl3yKEvlt8hti,,,,file://localhost/Users/hordia/dev/9216-TIMMD/music/sample_audio/Angeles Azules/spotify-track-7IvOkXBotyl3yKEvlt8hti.mp3,0.0,
164268281,spotify-track-7jKjd8VxsBNhVoP9KcrKUq,,,,file://localhost/Users/hordia/dev/9216-TIMMD/music/sample_audio/Angeles Azules/spotify-track-7jKjd8VxsBNhVoP9KcrKUq.mp3,0.0,
248467586,spotify-track-7lcEnkQEdNzjGGswqrZu6V,,,,file://localhost/Users/hordia/dev/9216-TIMMD/music/sample_audio/Angeles Azules/spotify-track-7lcEnkQEdNzjGGswqrZu6V.mp3,0.0,
23080378,spotify-track-7upDAKgtlRbSC7wYvDCugn,,,,file://localhost/Users/hordia/dev/9216-TIMMD/music/sample_audio/Angeles Azules/spotify-track-7upDAKgtlRbSC7wYvDCugn.mp3,0.0,
365591,spotify-track-7v3V4qYI6POudMIRiVHTdD,,,,file://localhost/Users/hordia/dev/9216-TIMMD/music/sample_audio/Angeles Azules/spotify-track-7v3V4qYI6POudMIRiVHTdD.mp3,0.0,
165913505,spotify-track-7wEW6hf6vc1LyWeIvrsnTX,,,,file://localhost/Users/hordia/dev/9216-TIMMD/music/sample_audio/Angeles Azules/spotify-track-7wEW6hf6vc1LyWeIvrsnTX.mp3,0.0,
177886796,spotify-track-10wvW8MCW3XQPl0TKvtdaJ,,,,file://localhost/Users/hordia/dev/9216-TIMMD/music/sample_audio/Angeles Azules/spotify-track-10wvW8MCW3XQPl0TKvtdaJ.mp3,0.0,
192152709,spotify-track-16AU7jzBt2utenP2R0SxIX,,,,file://localhost/Users/hordia/dev/9216-TIMMD/music/sample_audio/Angeles Azules/spotify-track-16AU7jzBt2utenP2R0SxIX.mp3,0.0,
127857980,spotify-track-17igO6XOZcl3YBtR023B6Z,,,,file://localhost/Users/hordia/dev/9216-TIMMD/music/sample_audio/Angeles Azules/spotify-track-17igO6XOZcl3YBtR023B6Z.mp3,0.0,
259161000,spotify-track-17jvq2ooe4CHaXksuOP8uz,,,,file://localhost/Users/hordia/dev/9216-TIMMD/music/sample_audio/Angeles Azules/spotify-track-17jvq2ooe4CHaXksuOP8uz.mp3,0.0,
219661805,spotify-track-34nGrSL3eyH5KOg7AQEAjd,,,,file://localhost/Users/hordia/dev/9216-TIMMD/music/sample_audio/Angeles Azules/spotify-track-34nGrSL3eyH5KOg7AQEAjd.mp3,0.0,
201552279,spotify-track-36HvdPRZmycSUSiD7zlFxh,,,,file://localhost/Users/hordia/dev/9216-TIMMD/music/sample_audio/Angeles Azules/spotify-track-36HvdPRZmycSUSiD7zlFxh.mp3,0.0,
202606137,spotify-track-36lKBxjm2rvqVlUSPkMv6Z,,,,file://localhost/Users/hordia/dev/9216-TIMMD/music/sample_audio/Angeles Azules/spotify-track-36lKBxjm2rvqVlUSPkMv6Z.mp3,0.0,
93484505,spotify-track-36TegoeVmkNcf53zgmvEXR,,,,file://localhost/Users/hordia/dev/9216-TIMMD/music/sample_audio/Angeles Azules/spotify-track-36TegoeVmkNcf53zgmvEXR.mp3,0.0,
245636745,spotify-track-37E5WgKA2pNtqwUYm2lhjq,,,,file://localhost/Users/hordia/dev/9216-TIMMD/music/sample_audio/Angeles Azules/spotify-track-37E5WgKA2pNtqwUYm2lhjq.mp3,0.0,
121935081,spotify-track-39QokkTyaJkcgGPzWZJci1,,,,file://localhost/Users/hordia/dev/9216-TIMMD/music/sample_audio/Angeles Azules/spotify-track-39QokkTyaJkcgGPzWZJci1.mp3,0.0,
199233511,spotify-track-56BUx6k07ABas4LOzIWaX7,,,,file://localhost/Users/hordia/dev/9216-TIMMD/music/sample_audio/Angeles Azules/spotify-track-56BUx6k07ABas4LOzIWaX7.mp3,0.0,
267214903,spotify-track-57jAkGB9K11BeZX3r9ocke,,,,file://localhost/Users/hordia/dev/9216-TIMMD/music/sample_audio/Angeles Azules/spotify-track-57jAkGB9K11BeZX3r9ocke.mp3,0.0,
255380147,spotify-track-57VhqZY9hiNI1k9hkO1mKz,,,,file://localhost/Users/hordia/dev/9216-TIMMD/music/sample_audio/Angeles Azules/spotify-track-57VhqZY9hiNI1k9hkO1mKz.mp3,0.0,
267266151,spotify-track-358d3lhHALHcdqhDSCnskD,,,,file://localhost/Users/hordia/dev/9216-TIMMD/music/sample_audio/Angeles Azules/spotify-track-358d3lhHALHcdqhDSCnskD.mp3,0.0,
244684879,spotify-track-1950SfOmTdZGBW5tJPKls4,,,,file://localhost/Users/hordia/dev/9216-TIMMD/music/sample_audio/Angeles Azules/spotify-track-1950SfOmTdZGBW5tJPKls4.mp3,0.0,
